cohort,ranker,n_cases,mean_candidates,mrr,hit@1,hit@3,sampled_repos,cohort_pairs,linked_prs,diff,ci_low,ci_high,p_not_positive,n_users
2025-09,random,30.0000,15.2000,0.3267,0.1401,0.4038,800.0000,2865.0000,188.0000,,,,,
2025-09,newest first,30.0000,15.2000,0.5933,0.4000,0.7667,800.0000,2865.0000,188.0000,,,,,
2025-09,phase-6 weights,30.0000,15.2000,0.5505,0.3333,0.7333,800.0000,2865.0000,188.0000,,,,,
2025-09,tuned on Sep,30.0000,15.2000,0.6164,0.4333,0.7667,800.0000,2865.0000,188.0000,,,,,
2025-10,random,33.0000,14.3030,0.2979,0.1162,0.3486,800.0000,2631.0000,208.0000,,,,,
2025-10,newest first,33.0000,14.3030,0.5070,0.3333,0.6061,800.0000,2631.0000,208.0000,,,,,
2025-10,phase-6 weights,33.0000,14.3030,0.5003,0.3030,0.6364,800.0000,2631.0000,208.0000,,,,,
2025-10,tuned on Sep,33.0000,14.3030,0.5241,0.3333,0.6061,800.0000,2631.0000,208.0000,,,,,
2025-09,"tuned on Sep - phase-6 weights (MRR, 95% CI)",,,,,,,,,0.0659,0.0002,0.1445,0.0250,30.0000
2025-09,"phase-6 weights - newest first (MRR, 95% CI)",,,,,,,,,-0.0428,-0.1353,0.0554,0.7870,30.0000
2025-09,"tuned on Sep - newest first (MRR, 95% CI)",,,,,,,,,0.0231,-0.0201,0.0918,0.2660,30.0000
2025-10,"tuned on Sep - phase-6 weights (MRR, 95% CI)",,,,,,,,,0.0238,-0.0101,0.0842,0.3170,33.0000
2025-10,"phase-6 weights - newest first (MRR, 95% CI)",,,,,,,,,-0.0067,-0.0800,0.0581,0.5510,33.0000
2025-10,"tuned on Sep - newest first (MRR, 95% CI)",,,,,,,,,0.0172,-0.0274,0.0629,0.2300,33.0000
