cohort,model,history,n,hit@20,ndcg@20,hit@20 new repo
2025-09,Popularity,0,2609,0.0249,0.0097,0.0249
2025-09,Popularity,1-5,9873,0.0204,0.0076,0.0219
2025-09,Popularity,6-20,3390,0.0227,0.0085,0.0160
2025-09,Popularity,20+,1234,0.0365,0.0122,0.0205
2025-09,LightGCN (fold-in),0,2609,0.0249,0.0097,0.0249
2025-09,LightGCN (fold-in),1-5,9873,0.5128,0.2789,0.1112
2025-09,LightGCN (fold-in),6-20,3390,0.1404,0.0579,0.0772
2025-09,LightGCN (fold-in),20+,1234,0.0794,0.0282,0.0665
2025-09,SASRec,0,2609,0.0164,0.0056,0.0164
2025-09,SASRec,1-5,9873,0.7053,0.5758,0.1384
2025-09,SASRec,6-20,3390,0.4640,0.2871,0.1201
2025-09,SASRec,20+,1234,0.3133,0.1872,0.0694
2025-09,text-SASRec (serving architecture),0,2609,0.0190,0.0064,0.0190
2025-09,text-SASRec (serving architecture),1-5,9873,0.4540,0.2629,0.1185
2025-09,text-SASRec (serving architecture),6-20,3390,0.2799,0.1367,0.1224
2025-09,text-SASRec (serving architecture),20+,1234,0.1861,0.0822,0.0762
2025-10,Popularity,0,3516,0.0196,0.0075,0.0196
2025-10,Popularity,1-5,7218,0.0193,0.0067,0.0172
2025-10,Popularity,6-20,2539,0.0201,0.0072,0.0204
2025-10,Popularity,20+,963,0.0208,0.0073,0.0205
2025-10,LightGCN (fold-in),0,3516,0.0196,0.0075,0.0196
2025-10,LightGCN (fold-in),1-5,7218,0.4086,0.2180,0.0837
2025-10,LightGCN (fold-in),6-20,2539,0.1222,0.0485,0.0745
2025-10,LightGCN (fold-in),20+,963,0.0609,0.0219,0.0502
2025-10,SASRec,0,3516,0.0116,0.0038,0.0116
2025-10,SASRec,1-5,7218,0.5502,0.4404,0.1104
2025-10,SASRec,6-20,2539,0.3663,0.2216,0.1037
2025-10,SASRec,20+,963,0.2205,0.1283,0.0594
2025-10,text-SASRec (serving architecture),0,3516,0.0136,0.0044,0.0136
2025-10,text-SASRec (serving architecture),1-5,7218,0.3811,0.2170,0.0942
2025-10,text-SASRec (serving architecture),6-20,2539,0.2270,0.1095,0.0972
2025-10,text-SASRec (serving architecture),20+,963,0.1360,0.0632,0.0693
