model_a,model_b,group,history_len,diff,ci_low,ci_high,p_not_positive,n_users
lightgcn,mf_bpr,0,5-6,0.00540279,0.0018576,0.00903777,0,1626
lightgcn,mf_bpr,1,7-12,0.00304659,0.000743367,0.00548163,0.005,2875
lightgcn,mf_bpr,2,13-23,-0.00109752,-0.00324821,0.00102491,0.843,2193
lightgcn,mf_bpr,3,24-589,0.000269763,-0.00111551,0.00168379,0.347,2370
lightgcn,itemknn,0,5-6,0.00732018,0.00222665,0.0124561,0.002,1626
lightgcn,itemknn,1,7-12,0.00590058,0.00277391,0.00944849,0,2875
lightgcn,itemknn,2,13-23,0.00291216,-0.000304921,0.00593151,0.034,2193
lightgcn,itemknn,3,24-589,0.00307145,0.000856429,0.00537673,0.004,2370
sasrec,lightgcn,0,5-6,-0.000244109,-0.00552193,0.00447826,0.535,1626
sasrec,lightgcn,1,7-12,-0.00132731,-0.00491299,0.00191745,0.777,2875
sasrec,lightgcn,2,13-23,0.00370296,2.71472e-05,0.00743989,0.022,2193
sasrec,lightgcn,3,24-589,-0.00120673,-0.00429337,0.0020357,0.783,2370
sasrec_text_mlp,sasrec,0,5-6,0.00141441,-0.00191716,0.00472255,0.205,1626
sasrec_text_mlp,sasrec,1,7-12,0.00446215,0.00208919,0.00688492,0,2875
sasrec_text_mlp,sasrec,2,13-23,0.000896329,-0.00137681,0.00330847,0.227,2193
sasrec_text_mlp,sasrec,3,24-589,0.00235428,0.000501262,0.00410533,0.009,2370
