model,group,history_len,n_users,ndcg@20
popularity,0,5-6,1626,0.0151855
popularity,1,7-12,2875,0.0145939
popularity,2,13-23,2193,0.0113392
popularity,3,24-589,2370,0.0120916
itemknn,0,5-6,1626,0.0289834
itemknn,1,7-12,2875,0.0270902
itemknn,2,13-23,2193,0.0229983
itemknn,3,24-589,2370,0.0167741
mf_bpr,0,5-6,1626,0.0309008
mf_bpr,1,7-12,2875,0.0299442
mf_bpr,2,13-23,2193,0.027008
mf_bpr,3,24-589,2370,0.0195758
sasrec,0,5-6,1626,0.0360595
sasrec,1,7-12,2875,0.0316635
sasrec,2,13-23,2193,0.0296134
sasrec,3,24-589,2370,0.0186388
lightgcn,0,5-6,1626,0.0363036
lightgcn,1,7-12,2875,0.0329908
lightgcn,2,13-23,2193,0.0259104
lightgcn,3,24-589,2370,0.0198456
sasrec_text_mlp,0,5-6,1626,0.0374739
sasrec_text_mlp,1,7-12,2875,0.0361256
sasrec_text_mlp,2,13-23,2193,0.0305097
sasrec_text_mlp,3,24-589,2370,0.0209931
sasrec_text_mlp_warm,0,5-6,1626,0.0374113
sasrec_text_mlp_warm,1,7-12,2875,0.0348149
sasrec_text_mlp_warm,2,13-23,2193,0.0307546
sasrec_text_mlp_warm,3,24-589,2370,0.0208643
