dataset,model_a,model_b,metric,adjacent,diff,ci_low,ci_high,p_not_positive,n_users,n_resamples,ci
ml1m,sasrec,sasrec_bce,ndcg@20,True,0.0175782,0.015192,0.0198165,0,6034,1000,0.95
ml1m,sasrec,recbole_lightgcn,ndcg@20,False,0.0296297,0.0250314,0.0342723,0,6034,1000,0.95
ml1m,sasrec,recbole_bpr,ndcg@20,False,0.0301028,0.0255128,0.0346227,0,6034,1000,0.95
ml1m,sasrec,ncf_gmf,ndcg@20,False,0.0307204,0.0263575,0.03539,0,6034,1000,0.95
ml1m,sasrec,lightgcn_l4,ndcg@20,False,0.0312238,0.0268942,0.0357271,0,6034,1000,0.95
ml1m,sasrec,lightgcn,ndcg@20,False,0.0313843,0.0269321,0.0358782,0,6034,1000,0.95
ml1m,sasrec,lightgcn_init001,ndcg@20,False,0.0317566,0.0272042,0.036168,0,6034,1000,0.95
ml1m,sasrec,lightgcn_l2,ndcg@20,False,0.0318387,0.0275568,0.0363669,0,6034,1000,0.95
ml1m,sasrec,ncf_neumf,ndcg@20,False,0.0320764,0.0277615,0.036795,0,6034,1000,0.95
ml1m,sasrec,two_tower,ndcg@20,False,0.0321795,0.0277718,0.0368156,0,6034,1000,0.95
ml1m,sasrec,mf_bpr,ndcg@20,False,0.0322684,0.0279488,0.0367782,0,6034,1000,0.95
ml1m,sasrec,mf_bpr_init001,ndcg@20,False,0.0326121,0.0282421,0.0370488,0,6034,1000,0.95
ml1m,sasrec,lightgcn_l1,ndcg@20,False,0.0334667,0.029033,0.0379825,0,6034,1000,0.95
ml1m,sasrec,itemknn,ndcg@20,False,0.0349116,0.0303346,0.0397355,0,6034,1000,0.95
ml1m,sasrec,ncf_mlp,ndcg@20,False,0.0359548,0.0315479,0.0402946,0,6034,1000,0.95
ml1m,sasrec,recbole_ngcf,ndcg@20,False,0.0371933,0.0329298,0.0415209,0,6034,1000,0.95
ml1m,sasrec,sasrec_shuffled,ndcg@20,False,0.0376249,0.0333031,0.042151,0,6034,1000,0.95
ml1m,sasrec,popularity,ndcg@20,False,0.0532664,0.0482905,0.058183,0,6034,1000,0.95
ml1m,sasrec,two_tower_nologq,ndcg@20,False,0.0695161,0.0650797,0.0736571,0,6034,1000,0.95
ml1m,sasrec_bce,recbole_lightgcn,ndcg@20,True,0.0120515,0.00819873,0.016097,0,6034,1000,0.95
ml1m,sasrec_bce,recbole_bpr,ndcg@20,False,0.0125246,0.00854639,0.0165784,0,6034,1000,0.95
ml1m,sasrec_bce,ncf_gmf,ndcg@20,False,0.0131423,0.00914317,0.0172178,0,6034,1000,0.95
ml1m,sasrec_bce,lightgcn_l4,ndcg@20,False,0.0136456,0.00972309,0.0173065,0,6034,1000,0.95
ml1m,sasrec_bce,lightgcn,ndcg@20,False,0.0138061,0.00989893,0.0175079,0,6034,1000,0.95
ml1m,sasrec_bce,lightgcn_init001,ndcg@20,False,0.0141784,0.0102217,0.0181074,0,6034,1000,0.95
ml1m,sasrec_bce,lightgcn_l2,ndcg@20,False,0.0142605,0.0104028,0.0179335,0,6034,1000,0.95
ml1m,sasrec_bce,ncf_neumf,ndcg@20,False,0.0144983,0.010454,0.0183279,0,6034,1000,0.95
ml1m,sasrec_bce,two_tower,ndcg@20,False,0.0146013,0.0106189,0.0183459,0,6034,1000,0.95
ml1m,sasrec_bce,mf_bpr,ndcg@20,False,0.0146903,0.0108619,0.0186392,0,6034,1000,0.95
ml1m,sasrec_bce,mf_bpr_init001,ndcg@20,False,0.0150339,0.0113819,0.0190803,0,6034,1000,0.95
ml1m,sasrec_bce,lightgcn_l1,ndcg@20,False,0.0158885,0.0122517,0.0195056,0,6034,1000,0.95
ml1m,sasrec_bce,itemknn,ndcg@20,False,0.0173334,0.0132868,0.0212961,0,6034,1000,0.95
ml1m,sasrec_bce,ncf_mlp,ndcg@20,False,0.0183767,0.0145205,0.0222417,0,6034,1000,0.95
ml1m,sasrec_bce,recbole_ngcf,ndcg@20,False,0.0196151,0.015918,0.0231874,0,6034,1000,0.95
ml1m,sasrec_bce,sasrec_shuffled,ndcg@20,False,0.0200467,0.0162243,0.0239095,0,6034,1000,0.95
ml1m,sasrec_bce,popularity,ndcg@20,False,0.0356883,0.0312808,0.0400555,0,6034,1000,0.95
ml1m,sasrec_bce,two_tower_nologq,ndcg@20,False,0.0519379,0.0480492,0.0555847,0,6034,1000,0.95
ml1m,recbole_lightgcn,recbole_bpr,ndcg@20,True,0.00047305,-0.00114515,0.00200247,0.288,6034,1000,0.95
ml1m,recbole_lightgcn,ncf_gmf,ndcg@20,False,0.00109073,-0.000428847,0.00282155,0.091,6034,1000,0.95
ml1m,recbole_lightgcn,lightgcn_l4,ndcg@20,False,0.00159406,0.000257002,0.00284703,0.01,6034,1000,0.95
ml1m,recbole_lightgcn,lightgcn,ndcg@20,False,0.0017546,0.000312136,0.00309153,0.006,6034,1000,0.95
ml1m,recbole_lightgcn,lightgcn_init001,ndcg@20,False,0.00212686,0.000659016,0.00364824,0.003,6034,1000,0.95
ml1m,recbole_lightgcn,lightgcn_l2,ndcg@20,False,0.00220894,0.000812952,0.00368888,0.001,6034,1000,0.95
ml1m,recbole_lightgcn,ncf_neumf,ndcg@20,False,0.00244673,0.000783103,0.00406835,0.001,6034,1000,0.95
ml1m,recbole_lightgcn,two_tower,ndcg@20,False,0.0025498,0.000808421,0.00419638,0.001,6034,1000,0.95
ml1m,recbole_lightgcn,mf_bpr,ndcg@20,False,0.00263872,0.00102175,0.00421623,0,6034,1000,0.95
ml1m,recbole_lightgcn,mf_bpr_init001,ndcg@20,False,0.00298239,0.00149532,0.00438139,0,6034,1000,0.95
ml1m,recbole_lightgcn,lightgcn_l1,ndcg@20,False,0.00383699,0.00230847,0.00538148,0,6034,1000,0.95
ml1m,recbole_lightgcn,itemknn,ndcg@20,False,0.00528188,0.00271687,0.00778522,0,6034,1000,0.95
ml1m,recbole_lightgcn,ncf_mlp,ndcg@20,False,0.00632513,0.00454417,0.0081768,0,6034,1000,0.95
ml1m,recbole_lightgcn,recbole_ngcf,ndcg@20,False,0.00756355,0.00580439,0.0093781,0,6034,1000,0.95
ml1m,recbole_lightgcn,sasrec_shuffled,ndcg@20,False,0.00799519,0.00630768,0.00965004,0,6034,1000,0.95
ml1m,recbole_lightgcn,popularity,ndcg@20,False,0.0236367,0.0203978,0.0266927,0,6034,1000,0.95
ml1m,recbole_lightgcn,two_tower_nologq,ndcg@20,False,0.0398864,0.0368699,0.0429959,0,6034,1000,0.95
ml1m,recbole_bpr,ncf_gmf,ndcg@20,True,0.000617679,-0.00108644,0.0023785,0.221,6034,1000,0.95
ml1m,recbole_bpr,lightgcn_l4,ndcg@20,False,0.00112101,-0.000351409,0.002641,0.068,6034,1000,0.95
ml1m,recbole_bpr,lightgcn,ndcg@20,False,0.00128155,-0.000107127,0.00269912,0.04,6034,1000,0.95
ml1m,recbole_bpr,lightgcn_init001,ndcg@20,False,0.00165381,0.000616695,0.00271587,0,6034,1000,0.95
ml1m,recbole_bpr,lightgcn_l2,ndcg@20,False,0.00173589,0.000432194,0.00312021,0.004,6034,1000,0.95
ml1m,recbole_bpr,ncf_neumf,ndcg@20,False,0.00197368,0.000614621,0.00348139,0.002,6034,1000,0.95
ml1m,recbole_bpr,two_tower,ndcg@20,False,0.00207675,0.000434353,0.00372842,0.01,6034,1000,0.95
ml1m,recbole_bpr,mf_bpr,ndcg@20,False,0.00216566,0.000761162,0.0036269,0.001,6034,1000,0.95
ml1m,recbole_bpr,mf_bpr_init001,ndcg@20,False,0.00250934,0.00105315,0.00384493,0,6034,1000,0.95
ml1m,recbole_bpr,lightgcn_l1,ndcg@20,False,0.00336394,0.00185203,0.00484636,0,6034,1000,0.95
ml1m,recbole_bpr,itemknn,ndcg@20,False,0.00480883,0.00235803,0.00741716,0,6034,1000,0.95
ml1m,recbole_bpr,ncf_mlp,ndcg@20,False,0.00585208,0.00425845,0.00774791,0,6034,1000,0.95
ml1m,recbole_bpr,recbole_ngcf,ndcg@20,False,0.0070905,0.00546975,0.00884381,0,6034,1000,0.95
ml1m,recbole_bpr,sasrec_shuffled,ndcg@20,False,0.00752214,0.00602981,0.00904546,0,6034,1000,0.95
ml1m,recbole_bpr,popularity,ndcg@20,False,0.0231637,0.0200883,0.0261828,0,6034,1000,0.95
ml1m,recbole_bpr,two_tower_nologq,ndcg@20,False,0.0394133,0.0361205,0.0425103,0,6034,1000,0.95
ml1m,ncf_gmf,lightgcn_l4,ndcg@20,True,0.000503331,-0.00078209,0.00177799,0.237,6034,1000,0.95
ml1m,ncf_gmf,lightgcn,ndcg@20,False,0.000663873,-0.000753634,0.00198109,0.185,6034,1000,0.95
ml1m,ncf_gmf,lightgcn_init001,ndcg@20,False,0.00103613,-0.000656214,0.00273695,0.105,6034,1000,0.95
ml1m,ncf_gmf,lightgcn_l2,ndcg@20,False,0.00111821,-0.000202409,0.00235401,0.051,6034,1000,0.95
ml1m,ncf_gmf,ncf_neumf,ndcg@20,False,0.001356,5.22935e-05,0.00266415,0.021,6034,1000,0.95
ml1m,ncf_gmf,two_tower,ndcg@20,False,0.00145907,-0.000487399,0.0031676,0.072,6034,1000,0.95
ml1m,ncf_gmf,mf_bpr,ndcg@20,False,0.00154799,-9.83315e-05,0.00314332,0.039,6034,1000,0.95
ml1m,ncf_gmf,mf_bpr_init001,ndcg@20,False,0.00189167,0.000378291,0.00343388,0.004,6034,1000,0.95
ml1m,ncf_gmf,lightgcn_l1,ndcg@20,False,0.00274626,0.00131431,0.00406801,0,6034,1000,0.95
ml1m,ncf_gmf,itemknn,ndcg@20,False,0.00419115,0.00115428,0.00702567,0.005,6034,1000,0.95
ml1m,ncf_gmf,ncf_mlp,ndcg@20,False,0.0052344,0.00347516,0.00705662,0,6034,1000,0.95
ml1m,ncf_gmf,recbole_ngcf,ndcg@20,False,0.00647282,0.00488115,0.00817,0,6034,1000,0.95
ml1m,ncf_gmf,sasrec_shuffled,ndcg@20,False,0.00690446,0.00517161,0.00865765,0,6034,1000,0.95
ml1m,ncf_gmf,popularity,ndcg@20,False,0.022546,0.0191966,0.0257625,0,6034,1000,0.95
ml1m,ncf_gmf,two_tower_nologq,ndcg@20,False,0.0387956,0.0356812,0.0420217,0,6034,1000,0.95
ml1m,lightgcn_l4,lightgcn,ndcg@20,True,0.000160542,-0.000511238,0.000801163,0.319,6034,1000,0.95
ml1m,lightgcn_l4,lightgcn_init001,ndcg@20,False,0.000532803,-0.000684245,0.00194428,0.229,6034,1000,0.95
ml1m,lightgcn_l4,lightgcn_l2,ndcg@20,False,0.000614882,-0.000188397,0.00148389,0.073,6034,1000,0.95
ml1m,lightgcn_l4,ncf_neumf,ndcg@20,False,0.000852671,-0.000636879,0.00225623,0.103,6034,1000,0.95
ml1m,lightgcn_l4,two_tower,ndcg@20,False,0.000955739,-0.000671676,0.00255696,0.131,6034,1000,0.95
ml1m,lightgcn_l4,mf_bpr,ndcg@20,False,0.00104465,-0.000395312,0.00247665,0.077,6034,1000,0.95
ml1m,lightgcn_l4,mf_bpr_init001,ndcg@20,False,0.00138833,-1.73567e-06,0.00280304,0.026,6034,1000,0.95
ml1m,lightgcn_l4,lightgcn_l1,ndcg@20,False,0.00224293,0.00120361,0.00325053,0,6034,1000,0.95
ml1m,lightgcn_l4,itemknn,ndcg@20,False,0.00368782,0.00101838,0.00641796,0.003,6034,1000,0.95
ml1m,lightgcn_l4,ncf_mlp,ndcg@20,False,0.00473107,0.00291903,0.00664386,0,6034,1000,0.95
ml1m,lightgcn_l4,recbole_ngcf,ndcg@20,False,0.00596949,0.00453937,0.00753903,0,6034,1000,0.95
ml1m,lightgcn_l4,sasrec_shuffled,ndcg@20,False,0.00640113,0.00480203,0.00812375,0,6034,1000,0.95
ml1m,lightgcn_l4,popularity,ndcg@20,False,0.0220426,0.018787,0.0253394,0,6034,1000,0.95
ml1m,lightgcn_l4,two_tower_nologq,ndcg@20,False,0.0382923,0.0351743,0.0414386,0,6034,1000,0.95
ml1m,lightgcn,lightgcn_init001,ndcg@20,True,0.00037226,-0.000789205,0.00162913,0.275,6034,1000,0.95
ml1m,lightgcn,lightgcn_l2,ndcg@20,False,0.00045434,-0.000303654,0.00116622,0.114,6034,1000,0.95
ml1m,lightgcn,ncf_neumf,ndcg@20,False,0.000692129,-0.000661786,0.00216526,0.159,6034,1000,0.95
ml1m,lightgcn,two_tower,ndcg@20,False,0.000795197,-0.000752161,0.00250706,0.164,6034,1000,0.95
ml1m,lightgcn,mf_bpr,ndcg@20,False,0.000884113,-0.000476195,0.00231281,0.106,6034,1000,0.95
ml1m,lightgcn,mf_bpr_init001,ndcg@20,False,0.00122779,-0.000134635,0.00265904,0.039,6034,1000,0.95
ml1m,lightgcn,lightgcn_l1,ndcg@20,False,0.00208239,0.00106667,0.00304011,0,6034,1000,0.95
ml1m,lightgcn,itemknn,ndcg@20,False,0.00352728,0.00081726,0.0064231,0.005,6034,1000,0.95
ml1m,lightgcn,ncf_mlp,ndcg@20,False,0.00457053,0.00279827,0.00651756,0,6034,1000,0.95
ml1m,lightgcn,recbole_ngcf,ndcg@20,False,0.00580895,0.00433007,0.00741613,0,6034,1000,0.95
ml1m,lightgcn,sasrec_shuffled,ndcg@20,False,0.00624059,0.00476028,0.00791375,0,6034,1000,0.95
ml1m,lightgcn,popularity,ndcg@20,False,0.0218821,0.0185684,0.0252382,0,6034,1000,0.95
ml1m,lightgcn,two_tower_nologq,ndcg@20,False,0.0381318,0.0351142,0.041312,0,6034,1000,0.95
ml1m,lightgcn_init001,lightgcn_l2,ndcg@20,True,8.20798e-05,-0.00116288,0.00137658,0.455,6034,1000,0.95
ml1m,lightgcn_init001,ncf_neumf,ndcg@20,False,0.000319868,-0.00120401,0.00172352,0.32,6034,1000,0.95
ml1m,lightgcn_init001,two_tower,ndcg@20,False,0.000422937,-0.00109771,0.0020183,0.291,6034,1000,0.95
ml1m,lightgcn_init001,mf_bpr,ndcg@20,False,0.000511852,-0.000941734,0.00195417,0.231,6034,1000,0.95
ml1m,lightgcn_init001,mf_bpr_init001,ndcg@20,False,0.000855532,-0.000575769,0.00225356,0.13,6034,1000,0.95
ml1m,lightgcn_init001,lightgcn_l1,ndcg@20,False,0.00171013,0.000285558,0.00311666,0.01,6034,1000,0.95
ml1m,lightgcn_init001,itemknn,ndcg@20,False,0.00315502,0.000459713,0.00577946,0.007,6034,1000,0.95
ml1m,lightgcn_init001,ncf_mlp,ndcg@20,False,0.00419827,0.00245521,0.00600379,0,6034,1000,0.95
ml1m,lightgcn_init001,recbole_ngcf,ndcg@20,False,0.00543668,0.00393063,0.00705588,0,6034,1000,0.95
ml1m,lightgcn_init001,sasrec_shuffled,ndcg@20,False,0.00586833,0.0044465,0.00724911,0,6034,1000,0.95
ml1m,lightgcn_init001,popularity,ndcg@20,False,0.0215098,0.0184137,0.0244042,0,6034,1000,0.95
ml1m,lightgcn_init001,two_tower_nologq,ndcg@20,False,0.0377595,0.0346556,0.0408526,0,6034,1000,0.95
ml1m,lightgcn_l2,ncf_neumf,ndcg@20,True,0.000237788,-0.00109557,0.00159035,0.383,6034,1000,0.95
ml1m,lightgcn_l2,two_tower,ndcg@20,False,0.000340857,-0.001411,0.00197666,0.334,6034,1000,0.95
ml1m,lightgcn_l2,mf_bpr,ndcg@20,False,0.000429773,-0.000904328,0.00174829,0.268,6034,1000,0.95
ml1m,lightgcn_l2,mf_bpr_init001,ndcg@20,False,0.000773452,-0.000576964,0.00205955,0.115,6034,1000,0.95
ml1m,lightgcn_l2,lightgcn_l1,ndcg@20,False,0.00162805,0.00082338,0.00245373,0,6034,1000,0.95
ml1m,lightgcn_l2,itemknn,ndcg@20,False,0.00307294,0.000403712,0.00584917,0.009,6034,1000,0.95
ml1m,lightgcn_l2,ncf_mlp,ndcg@20,False,0.00411619,0.00234709,0.00601563,0,6034,1000,0.95
ml1m,lightgcn_l2,recbole_ngcf,ndcg@20,False,0.00535461,0.00390986,0.00684198,0,6034,1000,0.95
ml1m,lightgcn_l2,sasrec_shuffled,ndcg@20,False,0.00578625,0.00420649,0.00743012,0,6034,1000,0.95
ml1m,lightgcn_l2,popularity,ndcg@20,False,0.0214278,0.018283,0.0246658,0,6034,1000,0.95
ml1m,lightgcn_l2,two_tower_nologq,ndcg@20,False,0.0376774,0.0348123,0.0408086,0,6034,1000,0.95
ml1m,ncf_neumf,two_tower,ndcg@20,True,0.000103069,-0.0014002,0.00163521,0.456,6034,1000,0.95
ml1m,ncf_neumf,mf_bpr,ndcg@20,False,0.000191984,-0.00139076,0.00172363,0.403,6034,1000,0.95
ml1m,ncf_neumf,mf_bpr_init001,ndcg@20,False,0.000535664,-0.00095802,0.00204861,0.261,6034,1000,0.95
ml1m,ncf_neumf,lightgcn_l1,ndcg@20,False,0.00139026,-7.94223e-05,0.00282056,0.028,6034,1000,0.95
ml1m,ncf_neumf,itemknn,ndcg@20,False,0.00283515,0.000289972,0.00535793,0.017,6034,1000,0.95
ml1m,ncf_neumf,ncf_mlp,ndcg@20,False,0.0038784,0.00215992,0.00558069,0,6034,1000,0.95
ml1m,ncf_neumf,recbole_ngcf,ndcg@20,False,0.00511682,0.0036767,0.00664045,0,6034,1000,0.95
ml1m,ncf_neumf,sasrec_shuffled,ndcg@20,False,0.00554846,0.00404603,0.00704349,0,6034,1000,0.95
ml1m,ncf_neumf,popularity,ndcg@20,False,0.02119,0.017876,0.0242167,0,6034,1000,0.95
ml1m,ncf_neumf,two_tower_nologq,ndcg@20,False,0.0374396,0.0345486,0.0403133,0,6034,1000,0.95
ml1m,two_tower,mf_bpr,ndcg@20,True,8.89155e-05,-0.0015284,0.00165946,0.454,6034,1000,0.95
ml1m,two_tower,mf_bpr_init001,ndcg@20,False,0.000432595,-0.00111918,0.00193856,0.311,6034,1000,0.95
ml1m,two_tower,lightgcn_l1,ndcg@20,False,0.00128719,-0.000294253,0.00304632,0.063,6034,1000,0.95
ml1m,two_tower,itemknn,ndcg@20,False,0.00273208,5.03107e-05,0.00529393,0.025,6034,1000,0.95
ml1m,two_tower,ncf_mlp,ndcg@20,False,0.00377533,0.00185648,0.00579406,0,6034,1000,0.95
ml1m,two_tower,recbole_ngcf,ndcg@20,False,0.00501375,0.0034357,0.00684597,0,6034,1000,0.95
ml1m,two_tower,sasrec_shuffled,ndcg@20,False,0.00544539,0.00405056,0.00685342,0,6034,1000,0.95
ml1m,two_tower,popularity,ndcg@20,False,0.0210869,0.01787,0.0243127,0,6034,1000,0.95
ml1m,two_tower,two_tower_nologq,ndcg@20,False,0.0373366,0.034578,0.0402188,0,6034,1000,0.95
ml1m,mf_bpr,mf_bpr_init001,ndcg@20,True,0.00034368,-0.000826991,0.00138125,0.278,6034,1000,0.95
ml1m,mf_bpr,lightgcn_l1,ndcg@20,False,0.00119828,-0.000178195,0.00255679,0.049,6034,1000,0.95
ml1m,mf_bpr,itemknn,ndcg@20,False,0.00264316,0.000154979,0.00514651,0.018,6034,1000,0.95
ml1m,mf_bpr,ncf_mlp,ndcg@20,False,0.00368641,0.00190798,0.00546229,0,6034,1000,0.95
ml1m,mf_bpr,recbole_ngcf,ndcg@20,False,0.00492483,0.00334634,0.00635921,0,6034,1000,0.95
ml1m,mf_bpr,sasrec_shuffled,ndcg@20,False,0.00535647,0.00370459,0.00716363,0,6034,1000,0.95
ml1m,mf_bpr,popularity,ndcg@20,False,0.020998,0.0178122,0.0238847,0,6034,1000,0.95
ml1m,mf_bpr,two_tower_nologq,ndcg@20,False,0.0372477,0.0341739,0.0402253,0,6034,1000,0.95
ml1m,mf_bpr_init001,lightgcn_l1,ndcg@20,True,0.000854597,-0.000542656,0.00228371,0.128,6034,1000,0.95
ml1m,mf_bpr_init001,itemknn,ndcg@20,False,0.00229949,-0.000273575,0.00480733,0.036,6034,1000,0.95
ml1m,mf_bpr_init001,ncf_mlp,ndcg@20,False,0.00334273,0.00149868,0.00505955,0,6034,1000,0.95
ml1m,mf_bpr_init001,recbole_ngcf,ndcg@20,False,0.00458115,0.00307767,0.00616712,0,6034,1000,0.95
ml1m,mf_bpr_init001,sasrec_shuffled,ndcg@20,False,0.00501279,0.00334945,0.00668624,0,6034,1000,0.95
ml1m,mf_bpr_init001,popularity,ndcg@20,False,0.0206543,0.0174728,0.0236225,0,6034,1000,0.95
ml1m,mf_bpr_init001,two_tower_nologq,ndcg@20,False,0.036904,0.0338124,0.0399407,0,6034,1000,0.95
ml1m,lightgcn_l1,itemknn,ndcg@20,True,0.00144489,-0.00105596,0.00416892,0.154,6034,1000,0.95
ml1m,lightgcn_l1,ncf_mlp,ndcg@20,False,0.00248814,0.00073892,0.00434413,0.002,6034,1000,0.95
ml1m,lightgcn_l1,recbole_ngcf,ndcg@20,False,0.00372656,0.00230863,0.00523126,0,6034,1000,0.95
ml1m,lightgcn_l1,sasrec_shuffled,ndcg@20,False,0.0041582,0.00244974,0.00577791,0,6034,1000,0.95
ml1m,lightgcn_l1,popularity,ndcg@20,False,0.0197997,0.0166605,0.0229785,0,6034,1000,0.95
ml1m,lightgcn_l1,two_tower_nologq,ndcg@20,False,0.0360494,0.0331932,0.0389565,0,6034,1000,0.95
ml1m,itemknn,ncf_mlp,ndcg@20,True,0.00104325,-0.00153154,0.00364628,0.214,6034,1000,0.95
ml1m,itemknn,recbole_ngcf,ndcg@20,False,0.00228167,-0.000307758,0.00486523,0.051,6034,1000,0.95
ml1m,itemknn,sasrec_shuffled,ndcg@20,False,0.00271331,9.88676e-05,0.00556216,0.02,6034,1000,0.95
ml1m,itemknn,popularity,ndcg@20,False,0.0183548,0.0148123,0.0214948,0,6034,1000,0.95
ml1m,itemknn,two_tower_nologq,ndcg@20,False,0.0346045,0.0313546,0.0381012,0,6034,1000,0.95
ml1m,ncf_mlp,recbole_ngcf,ndcg@20,True,0.00123842,-0.00058909,0.00298555,0.085,6034,1000,0.95
ml1m,ncf_mlp,sasrec_shuffled,ndcg@20,False,0.00167006,-0.000117244,0.00346288,0.035,6034,1000,0.95
ml1m,ncf_mlp,popularity,ndcg@20,False,0.0173116,0.0142784,0.0200316,0,6034,1000,0.95
ml1m,ncf_mlp,two_tower_nologq,ndcg@20,False,0.0335612,0.0304918,0.0363864,0,6034,1000,0.95
ml1m,recbole_ngcf,sasrec_shuffled,ndcg@20,True,0.000431642,-0.00127413,0.00207188,0.325,6034,1000,0.95
ml1m,recbole_ngcf,popularity,ndcg@20,False,0.0160732,0.0129596,0.0188863,0,6034,1000,0.95
ml1m,recbole_ngcf,two_tower_nologq,ndcg@20,False,0.0323228,0.0296206,0.0349368,0,6034,1000,0.95
ml1m,sasrec_shuffled,popularity,ndcg@20,True,0.0156415,0.012365,0.0185703,0,6034,1000,0.95
ml1m,sasrec_shuffled,two_tower_nologq,ndcg@20,False,0.0318912,0.0289314,0.0346912,0,6034,1000,0.95
ml1m,popularity,two_tower_nologq,ndcg@20,True,0.0162497,0.0128045,0.019811,0,6034,1000,0.95
