dataset,model,n_seeds,recall@20_mean,recall@20_std,ndcg@20_mean,ndcg@20_std,hit@20_mean,hit@20_std,coverage@20_mean,coverage@20_std,avg_pop@20_mean,avg_pop@20_std,long_tail_share@20_mean,long_tail_share@20_std,tail_recall@20_mean,tail_recall@20_std,head_recall@20_mean,head_recall@20_std,cold_recall@20_mean,cold_recall@20_std,cold_ndcg@20_mean,cold_ndcg@20_std,train_time_s_mean,train_time_s_std,config_hash,config,git_commit
amazon_sci,popularity,3,0.0422133,8.49837e-18,0.0182286,0,0.0447351,8.49837e-18,0.00509305,0,92.5501,1.74047e-14,0,0,0,0,0.115232,0,0,0,0,0,1.52588e-05,6.30796e-07,bf21a9e8fb,{},3470b50190
amazon_sci,itemknn,3,0.0615946,0,0.0290314,0,0.0681525,0,0.96239,0,30.3746,0,0.360425,0,0.0155185,0,0.145399,0,0,0,0,0,0.166866,0.00540374,9db9661502,"{'k': 200, 'shrink': 200}",0c2484a8e1
amazon_sci,mf_bpr,3,0.0612485,0.0017913,0.0259354,0.000739373,0.067345,0.00241169,0.827489,0.00655951,32.7822,0.486938,0.287059,0.00572435,0.011814,0.000884681,0.14933,0.0036957,0,0,0,0,39.0171,4.30474,dfed5b4f92,"{'batch_size': 4096, 'dim': 64, 'eval_every': 1, 'init_std': 0.1, 'lr': 0.01, 'max_epochs': 300, 'patience': 10, 'reg': 0.03}",0c2484a8e1
amazon_sci,sasrec,3,0.0834908,0.0013465,0.0368034,0.000716987,0.0949074,0.00270882,0.572837,0.104559,36.1596,1.13069,0.307421,0.0373252,0.0287943,0.00313933,0.184116,0.0110765,0,0,0,0,2005.54,2609.08,d81e302d99,"{'batch_size': 128, 'blocks': 2, 'dropout': 0.8, 'eval_every': 1, 'heads': 1, 'hidden': 64, 'loss': 'ce', 'lr': 0.0005, 'max_epochs': 150, 'max_len': 50, 'patience': 10, 'shuffle_history': False}",7cb3489761
amazon_sci,lightgcn,3,0.0692555,0.00167717,0.029464,0.000495861,0.0757429,0.00209948,0.521254,0.0266427,44.692,0.779967,0.139815,0.00658677,0.00928756,0.000734187,0.176759,0.00591511,0,0,0,0,25.434,6.71595,71d36446b6,"{'batch_size': 8192, 'dim': 64, 'eval_every': 1, 'init_std': 0.1, 'lr': 0.02, 'max_epochs': 400, 'min_epochs': 30, 'n_layers': 3, 'patience': 10, 'reg': 0.01}",0c2484a8e1
amazon_sci,sasrec_text_linear,3,0.0700134,0.00162386,0.0311945,0.000698838,0.080211,0.00155184,0.766634,0.0298637,25.1918,1.78194,0.503558,0.0141759,0.0364965,0.000261907,0.131947,0.00347174,0.0150987,0.00876868,0.00399862,0.00226389,247.981,99.1192,6df603025e,"{'adapter': 'linear', 'batch_size': 128, 'blocks': 2, 'dropout': 0.1, 'eval_every': 1, 'heads': 1, 'hidden': 64, 'lr': 0.01, 'max_epochs': 150, 'max_len': 50, 'patience': 10, 'text_encoder': 'BAAI/bge-small-en-v1.5', 'use_id': False}",7cb3489761
amazon_sci,sasrec_text_linear_id,3,0.0864449,0.00156157,0.0376919,0.000978512,0.0973837,0.00196472,0.679138,0.0045814,31.36,0.839394,0.32023,0.00123561,0.0322405,0.00200713,0.185448,0.00368482,0,0,0,0,67.0572,1.53349,f98e0b7c47,"{'adapter': 'linear', 'batch_size': 128, 'blocks': 2, 'dropout': 0.2, 'eval_every': 1, 'heads': 1, 'hidden': 64, 'lr': 0.002, 'max_epochs': 150, 'max_len': 50, 'patience': 10, 'text_encoder': 'BAAI/bge-small-en-v1.5', 'use_id': True}",0c2484a8e1
amazon_sci,sasrec_text_mlp,3,0.0953009,0.00275528,0.0423036,0.00148262,0.108096,0.00348378,0.622723,0.0323711,35.8304,0.837,0.299233,0.00334765,0.0358587,0.00224599,0.205723,0.00521065,0.00464576,0.00201167,0.00128889,0.000557455,437.906,74.4259,930f3234ce,"{'adapter': 'mlp', 'batch_size': 128, 'blocks': 2, 'dropout': 0.1, 'eval_every': 1, 'heads': 1, 'hidden': 64, 'lr': 0.01, 'max_epochs': 150, 'max_len': 50, 'patience': 10, 'text_encoder': 'BAAI/bge-small-en-v1.5', 'use_id': False}",7cb3489761
amazon_sci,sasrec_text_mlp_id,3,0.0856678,0.00389127,0.0377124,0.00137306,0.0973837,0.004282,0.62331,0.0346426,31.5013,0.914564,0.292218,0.0230335,0.0315539,0.0024486,0.186823,0.00622479,0,0,0,0,94.4389,2.72513,9bec0a4bf1,"{'adapter': 'mlp', 'batch_size': 128, 'blocks': 2, 'dropout': 0.1, 'eval_every': 1, 'heads': 1, 'hidden': 64, 'lr': 0.002, 'max_epochs': 150, 'max_len': 50, 'patience': 10, 'text_encoder': 'BAAI/bge-small-en-v1.5', 'use_id': True}",7cb3489761
amazon_sci,sasrec_text_moe,3,0.0908374,0.00281103,0.040177,0.00128382,0.103467,0.00229722,0.73588,0.0507835,33.2437,0.581462,0.371913,0.017962,0.0393238,0.00300768,0.186698,0.00544424,0.00696864,0.00348432,0.00176734,0.000933298,779.356,232.467,9e9cb4447b,"{'adapter': 'moe', 'batch_size': 128, 'blocks': 2, 'dropout': 0.2, 'eval_every': 1, 'heads': 1, 'hidden': 64, 'lr': 0.001, 'max_epochs': 150, 'max_len': 50, 'patience': 10, 'text_encoder': 'BAAI/bge-small-en-v1.5', 'use_id': False}",0c2484a8e1
amazon_sci,sasrec_text_moe_id,3,0.0867529,0.00138992,0.0378972,0.00130472,0.0981912,0.00186249,0.671433,0.0412062,30.7996,1.12951,0.324193,0.0217852,0.0330907,0.000629001,0.186821,0.0054154,0,0,0,0,144.752,6.18522,12b18db045,"{'adapter': 'moe', 'batch_size': 128, 'blocks': 2, 'dropout': 0.2, 'eval_every': 1, 'heads': 1, 'hidden': 64, 'lr': 0.002, 'max_epochs': 150, 'max_len': 50, 'patience': 10, 'text_encoder': 'BAAI/bge-small-en-v1.5', 'use_id': True}",0c2484a8e1
amazon_sci,sasrec_text_kar_item,3,0.0878182,0.00167668,0.0382088,0.00109067,0.0996985,0.00130538,0.700816,0.057899,31.032,2.06045,0.331656,0.0471651,0.0357259,0.00335343,0.183826,0.00533543,0,0,0,0,132.949,9.77272,e376b289c7,"{'adapter': 'linear', 'batch_size': 128, 'blocks': 2, 'dropout': 0.2, 'eval_every': 1, 'heads': 1, 'hidden': 64, 'item_knowledge': True, 'lr': 0.002, 'max_epochs': 150, 'max_len': 50, 'patience': 10, 'text_encoder': 'BAAI/bge-small-en-v1.5', 'use_id': True}",0c2484a8e1
amazon_sci,sasrec_text_kar,3,0.0886448,0.0027029,0.0388723,0.000939046,0.100291,0.00350493,0.547176,0.0385356,30.4556,2.5566,0.351715,0.0461735,0.0369869,0.00209722,0.18429,0.00896931,0,0,0,0,149.736,29.9573,be0b943445,"{'adapter': 'linear', 'batch_size': 128, 'blocks': 2, 'dropout': 0.2, 'eval_every': 1, 'heads': 1, 'hidden': 64, 'item_knowledge': True, 'lr': 0.002, 'max_epochs': 150, 'max_len': 50, 'patience': 10, 'text_encoder': 'BAAI/bge-small-en-v1.5', 'use_id': True, 'user_preference': True}",7cb3489761
amazon_sci,sasrec_text_moe_warm,3,0.0919454,0.00397847,0.0400737,0.00135213,0.104597,0.00329526,0.746849,0.00548598,32.1923,1.14844,0.376857,0.00751072,0.0421724,0.00160066,0.183171,0.00725934,0.029036,0.00532239,0.00871265,0.00104442,2201.22,2592.87,e31b4b9f02,"{'adapter': 'moe', 'batch_size': 128, 'blocks': 2, 'cold_negatives': False, 'dropout': 0.2, 'eval_every': 1, 'heads': 1, 'hidden': 64, 'lr': 0.001, 'max_epochs': 150, 'max_len': 50, 'patience': 10, 'text_encoder': 'BAAI/bge-small-en-v1.5', 'use_id': False}",7cb3489761
amazon_sci,sasrec_text_linear_id_warm,3,0.0860489,0.00180957,0.0377194,0.00107278,0.0973299,0.00187181,0.657003,0.0407458,31.8921,1.00126,0.310094,0.0177092,0.0312711,0.00237681,0.186813,0.00103637,0.00116144,0.00201167,0.000268732,0.000465457,85.7518,3.20501,ddcbc67a75,"{'adapter': 'linear', 'batch_size': 128, 'blocks': 2, 'cold_negatives': False, 'dropout': 0.2, 'eval_every': 1, 'heads': 1, 'hidden': 64, 'lr': 0.002, 'max_epochs': 150, 'max_len': 50, 'patience': 10, 'text_encoder': 'BAAI/bge-small-en-v1.5', 'use_id': True}",7cb3489761
github,popularity,3,0.0300429,0,0.0132583,0,0.0595763,8.49837e-18,0.00780601,0,1380.8,0,0,0,0,0,0.0639559,0,0,0,0,0,1.77224e-05,4.53204e-06,bf21a9e8fb,{},4fbff4247d
github,itemknn,3,0.0531495,0,0.0237424,4.24919e-18,0.0958738,0,0.508221,0,735.692,1.39237e-13,0.0865291,1.69967e-17,0.0121311,0,0.0972454,0,0,0,0,0,0.674686,0.0229272,1479d69df3,"{'k': 1000, 'shrink': 30}",0d0953ca09
github,mf_bpr,3,0.0582424,0.00201638,0.0266943,0.000552093,0.105031,0.00410883,0.454077,0.022128,693.728,32.7366,0.0642928,0.00438792,0.00886292,0.000917226,0.111163,0.00377194,0,0,0,0,107.115,17.1564,36e9bee8e3,"{'batch_size': 4096, 'dim': 64, 'eval_every': 1, 'init_std': 0.1, 'lr': 0.001, 'max_epochs': 300, 'patience': 10, 'reg': 0.03}",0d0953ca09
github,sasrec,3,0.0647195,0.00203907,0.0285505,0.00072565,0.110694,0.0031522,0.489343,0.0509431,364.627,13.5064,0.223691,0.0242226,0.0226646,0.00220765,0.108803,0.00256796,0,0,0,0,302.112,93.4406,e8b0551a5d,"{'batch_size': 128, 'blocks': 2, 'dropout': 0.3, 'eval_every': 1, 'heads': 1, 'hidden': 64, 'loss': 'ce', 'lr': 0.01, 'max_epochs': 150, 'max_len': 50, 'patience': 10, 'shuffle_history': False}",0d0953ca09
github,lightgcn,3,0.0630757,0.000477777,0.0284349,0.000262282,0.113379,0.00132545,0.439905,0.0169491,707.693,10.7982,0.0731171,0.00284271,0.011927,0.000778474,0.118642,0.000936995,0,0,0,0,644.56,48.0066,fa2594f8fb,"{'batch_size': 8192, 'dim': 64, 'eval_every': 1, 'init_std': 0.1, 'lr': 0.003, 'max_epochs': 400, 'min_epochs': 30, 'n_layers': 3, 'patience': 10, 'reg': 0.001}",0d0953ca09
github,sasrec_text_mlp,3,0.0688151,0.00105775,0.031052,0.000376462,0.119999,0.000521383,0.297293,0.0181124,545.926,40.4642,0.0924371,0.020144,0.0129324,0.0028193,0.128698,0.00140238,0,0,0,0,1096.49,319.384,930f3234ce,"{'adapter': 'mlp', 'batch_size': 128, 'blocks': 2, 'dropout': 0.1, 'eval_every': 1, 'heads': 1, 'hidden': 64, 'lr': 0.01, 'max_epochs': 150, 'max_len': 50, 'patience': 10, 'text_encoder': 'BAAI/bge-small-en-v1.5', 'use_id': False}",0d0953ca09
github,sasrec_text_mlp_warm,3,0.0680759,0.000631897,0.0306506,0.000385212,0.119484,0.00130073,0.302109,0.00565423,517.395,14.6639,0.0978008,0.00878473,0.0134115,0.000758224,0.127299,0.00128008,0.00726525,0.00127574,0.0022266,0.000448437,743.194,89.2384,7e4f9d64a8,"{'adapter': 'mlp', 'batch_size': 128, 'blocks': 2, 'cold_negatives': False, 'dropout': 0.1, 'eval_every': 1, 'heads': 1, 'hidden': 64, 'lr': 0.01, 'max_epochs': 150, 'max_len': 50, 'patience': 10, 'text_encoder': 'BAAI/bge-small-en-v1.5', 'use_id': False}",9a9ddf4e2a
github_contrib,popularity,3,0.03305,0,0.0112163,0,0.0368272,0,0.00531473,0,1399.36,0,0,0,0,0,0.06469,0,0,0,0,0,1.84377e-05,4.00609e-06,bf21a9e8fb,{},0d0953ca09
github_contrib,itemknn,3,0.0960812,1.69967e-17,0.0439442,8.49837e-18,0.111898,1.69967e-17,0.279854,0,612.524,0,0.144405,0,0.0306905,0,0.165768,0,0,0,0,0,0.669174,0.00127101,1479d69df3,"{'k': 1000, 'shrink': 30}",0d0953ca09
github_contrib,mf_bpr,3,0.0968288,0.00263231,0.0436971,0.00232918,0.110482,0.00141643,0.23872,0.011555,575.509,44.5074,0.11551,0.00663345,0.0140665,0.00127877,0.184187,0.0035657,0,0,0,0,45.2497,9.46733,36e9bee8e3,"{'batch_size': 4096, 'dim': 64, 'eval_every': 1, 'init_std': 0.1, 'lr': 0.001, 'max_epochs': 300, 'patience': 10, 'reg': 0.03}",0d0953ca09
github_contrib,sasrec,3,0.110285,0.0105087,0.0453768,0.00615447,0.127951,0.00994868,0.287494,0.0270566,332.549,21.9198,0.266619,0.0290491,0.0468883,0.0126161,0.178197,0.00960708,0,0,0,0,296.437,83.6632,e8b0551a5d,"{'batch_size': 128, 'blocks': 2, 'dropout': 0.3, 'eval_every': 1, 'heads': 1, 'hidden': 64, 'loss': 'ce', 'lr': 0.01, 'max_epochs': 150, 'max_len': 50, 'patience': 10, 'shuffle_history': False}",0d0953ca09
github_contrib,lightgcn,3,0.116541,0.00556816,0.0483912,0.00160901,0.132672,0.00726856,0.227592,0.0387682,601.453,34.267,0.115722,0.0171997,0.0230179,0.00639386,0.214735,0.0112219,0,0,0,0,506.935,130.358,fa2594f8fb,"{'batch_size': 8192, 'dim': 64, 'eval_every': 1, 'init_std': 0.1, 'lr': 0.003, 'max_epochs': 400, 'min_epochs': 30, 'n_layers': 3, 'patience': 10, 'reg': 0.001}",0d0953ca09
github_contrib,sasrec_text_mlp,3,0.111505,0.00569679,0.0509321,0.00601991,0.130784,0.00726856,0.174666,0.0132498,534.658,20.5978,0.0953022,0.0127607,0.0161978,0.00390671,0.214286,0.0168509,0,0,0,0,805.444,76.5989,930f3234ce,"{'adapter': 'mlp', 'batch_size': 128, 'blocks': 2, 'dropout': 0.1, 'eval_every': 1, 'heads': 1, 'hidden': 64, 'lr': 0.01, 'max_epochs': 150, 'max_len': 50, 'patience': 10, 'text_encoder': 'BAAI/bge-small-en-v1.5', 'use_id': False}",0d0953ca09
github_contrib,sasrec_text_mlp_warm,3,0.106508,0.00536555,0.0463992,0.00513177,0.126534,0.00943106,0.170016,0.0282054,518.359,12.182,0.118272,0.0190249,0.0153453,0.00338331,0.205975,0.0134265,0.0199005,0.00861717,0.00618263,0.00427569,533.397,253.2,7e4f9d64a8,"{'adapter': 'mlp', 'batch_size': 128, 'blocks': 2, 'cold_negatives': False, 'dropout': 0.1, 'eval_every': 1, 'heads': 1, 'hidden': 64, 'lr': 0.01, 'max_epochs': 150, 'max_len': 50, 'patience': 10, 'text_encoder': 'BAAI/bge-small-en-v1.5', 'use_id': False}",9a9ddf4e2a
ml1m,popularity,3,0.0777304,0,0.0562183,0,0.349022,6.7987e-17,0.0512,0,1723.31,0,0,0,0,0,0.108424,0,,,,,1.58151e-05,9.63557e-07,bf21a9e8fb,{},d6fcafb81f
ml1m,itemknn,3,0.114498,0,0.0745731,0,0.420782,0,0.43296,0,1028.21,0,0.0436112,0,0.0145562,0,0.155519,0,,,,,0.303776,0.0037786,02262a17a1,"{'k': 50, 'shrink': 10}",d6fcafb81f
ml1m,mf_bpr,3,0.118682,0.0026849,0.0772163,0.00119046,0.436361,0.00717047,0.519573,0.00102866,958.475,2.06335,0.0856922,0.00202914,0.0201518,0.00174007,0.159874,0.0027516,,,,,42.3786,3.80962,65efe82585,"{'batch_size': 4096, 'dim': 64, 'eval_every': 1, 'init_std': 0.1, 'lr': 0.005, 'max_epochs': 300, 'patience': 10, 'reg': 0.01}",d6fcafb81f
ml1m,mf_bpr_init001,3,0.118497,0.00352401,0.0768726,0.00152702,0.435863,0.00932061,0.52064,0.00273408,955.261,5.03438,0.0851453,0.00143183,0.0197165,0.00246741,0.159985,0.00519557,,,,,41.151,5.98421,fd02c0f758,"{'batch_size': 4096, 'dim': 64, 'eval_every': 1, 'init_std': 0.01, 'lr': 0.005, 'max_epochs': 300, 'patience': 10, 'reg': 0.01}",75639774f4
ml1m,ncf_gmf,3,0.12203,0.000440875,0.0787642,0.000460484,0.439565,0.00268424,0.48256,0.00178168,919.763,5.42189,0.078472,0.00138952,0.0183879,0.00188035,0.166699,0.000977361,,,,,235.903,12.5835,10c269d040,"{'alpha': 0.5, 'batch_size': 4096, 'eval_every': 1, 'factors': 64, 'finetune_lr_scale': 0.2, 'init_std': 0.01, 'lr': 0.001, 'max_epochs': 200, 'mlp_layers': [256, 128, 64], 'n_neg': 4, 'patience': 10, 'pretrain': False, 'reg': 0.03}",55a2980780
ml1m,ncf_mlp,3,0.110423,0.00195784,0.0735298,0.00104357,0.423655,0.0029289,0.499947,0.0327282,973.478,35.0111,0.06794,0.0125077,0.013499,0.00259218,0.153793,0.00357321,,,,,221.651,43.4773,b6291bfe04,"{'alpha': 0.5, 'batch_size': 4096, 'eval_every': 1, 'factors': 64, 'finetune_lr_scale': 0.2, 'init_std': 0.01, 'lr': 0.02, 'max_epochs': 200, 'mlp_layers': [256, 128, 64], 'n_neg': 4, 'patience': 10, 'pretrain': False, 'reg': 0.01}",13c90666c1
ml1m,ncf_neumf,3,0.118653,0.000764558,0.0774082,0.000501108,0.432052,0.00158094,0.574613,0.0556803,905.625,38.3996,0.0979201,0.0188027,0.019423,0.00284691,0.161529,0.00159223,,,,,324.937,93.9466,0103c61769,"{'alpha': 0.5, 'batch_size': 4096, 'eval_every': 1, 'factors': 64, 'finetune_lr_scale': 0.2, 'init_std': 0.01, 'lr': 0.001, 'max_epochs': 200, 'mlp_layers': [256, 128, 64], 'n_neg': 4, 'patience': 10, 'pretrain': True, 'reg': 0.01}",55a2980780
ml1m,two_tower,3,0.119738,0.00276749,0.0773052,0.00139539,0.434759,0.00837594,0.5776,0.01376,925.427,3.09389,0.0926306,0.00313357,0.0214438,0.000763561,0.160466,0.00445714,,,,,125.88,6.5801,dd86fa93f7,"{'batch_size': 1024, 'dim': 64, 'eval_every': 1, 'hidden': [128, 64], 'init_std': 0.01, 'logq': True, 'lr': 0.005, 'max_epochs': 200, 'patience': 10, 'temperature': 0.01, 'weight_decay': 0.0}",beab217888
ml1m,two_tower_nologq,3,0.0671852,0.00131428,0.0399686,0.00081528,0.253287,0.00739734,0.99968,0,249.247,2.38476,0.651033,0.00436828,0.0586407,0.000690641,0.0566097,0.00092814,,,,,145.172,4.68272,70b9067107,"{'batch_size': 1024, 'dim': 64, 'eval_every': 1, 'hidden': [128, 64], 'init_std': 0.01, 'logq': False, 'lr': 0.0005, 'max_epochs': 200, 'patience': 10, 'temperature': 0.5, 'weight_decay': 0.0}",13c90666c1
ml1m,sasrec,3,0.176602,0.00187511,0.109485,0.00154269,0.483151,0.00376947,0.798613,0.00517306,574.24,3.1825,0.262021,0.00111131,0.0710889,0.000469576,0.208516,0.00327595,,,,,1054.32,48.3962,e32b62b900,"{'batch_size': 128, 'blocks': 2, 'dropout': 0.2, 'eval_every': 1, 'heads': 1, 'hidden': 64, 'loss': 'ce', 'lr': 0.002, 'max_epochs': 150, 'max_len': 200, 'patience': 10, 'shuffle_history': False}",13c90666c1
ml1m,sasrec_bce,3,0.15181,0.000196329,0.0919065,0.000426364,0.459231,0.0034921,0.759253,0.0531829,581.869,11.9414,0.263725,0.0222643,0.0590797,0.00560913,0.179613,0.00468271,,,,,547.879,183.715,dbbd0c6e2a,"{'batch_size': 128, 'blocks': 2, 'dropout': 0.2, 'eval_every': 1, 'heads': 1, 'hidden': 64, 'loss': 'bce', 'lr': 0.002, 'max_epochs': 150, 'max_len': 200, 'patience': 10, 'shuffle_history': False}",13c90666c1
ml1m,sasrec_shuffled,3,0.110428,0.000908651,0.0718598,0.000578275,0.411336,0.00147302,0.548053,0.0455754,958.44,8.93555,0.0858634,0.00901159,0.0155559,0.00184268,0.150601,0.000867321,,,,,414.577,72.1891,4b71645295,"{'batch_size': 128, 'blocks': 2, 'dropout': 0.2, 'eval_every': 1, 'heads': 1, 'hidden': 64, 'loss': 'ce', 'lr': 0.002, 'max_epochs': 150, 'max_len': 200, 'patience': 10, 'shuffle_history': True}",13c90666c1
ml1m,recbole_bpr,3,0.121241,0.00261843,0.0793819,0.000370208,0.441332,0.00623849,0.4768,0.0212167,1025.01,25.5607,0.0586151,0.00633613,0.0137396,0.00204727,0.169019,0.00208016,,,,,274.333,39.667,c96fb7cb88,"{'embedding_size': 64, 'epochs': 300, 'eval_batch_size': 4096, 'eval_step': 1, 'learning_rate': 0.0005, 'stopping_step': 10, 'train_batch_size': 4096, 'train_neg_sample_args': {'distribution': 'uniform', 'sample_num': 1}, 'weight_decay': 1e-06}",13c90666c1
ml1m,lightgcn,3,0.12194,0.000839782,0.0781004,0.000413272,0.434261,0.0041177,0.558613,0.0272138,914.553,22.0236,0.0942299,0.0095738,0.0230239,0.00249764,0.162827,0.00312199,,,,,646.922,100.851,8221a07256,"{'batch_size': 8192, 'dim': 64, 'eval_every': 1, 'init_std': 0.1, 'lr': 0.005, 'max_epochs': 400, 'min_epochs': 30, 'n_layers': 3, 'patience': 10, 'reg': 0.0001}",e10c361de5
ml1m,lightgcn_l1,3,0.119326,0.000688584,0.076018,9.60922e-05,0.435698,0.00215446,0.613653,0.0181057,876.37,20.9382,0.110096,0.0103117,0.0242902,0.00166086,0.158804,0.000336064,,,,,168.895,16.998,48e2d1409a,"{'batch_size': 8192, 'dim': 64, 'eval_every': 1, 'init_std': 0.1, 'lr': 0.005, 'max_epochs': 400, 'min_epochs': 30, 'n_layers': 1, 'patience': 10, 'reg': 0.0001}",e10c361de5
ml1m,lightgcn_l2,3,0.122197,0.00107009,0.077646,0.000487907,0.438902,0.00315028,0.57696,0.00523863,899.783,2.88776,0.0979312,0.00221273,0.0240628,0.00125149,0.163122,0.000482443,,,,,350.506,15.0249,06e0b7e399,"{'batch_size': 8192, 'dim': 64, 'eval_every': 1, 'init_std': 0.1, 'lr': 0.005, 'max_epochs': 400, 'min_epochs': 30, 'n_layers': 2, 'patience': 10, 'reg': 0.0001}",e10c361de5
ml1m,lightgcn_l4,3,0.122288,0.000442313,0.0782609,0.000170203,0.437465,0.00432588,0.56224,0.0268362,899.985,26.9227,0.100403,0.0123628,0.0250625,0.00196757,0.161995,0.00196146,,,,,1239.85,327.435,b9af3e5dc2,"{'batch_size': 8192, 'dim': 64, 'eval_every': 1, 'init_std': 0.1, 'lr': 0.005, 'max_epochs': 400, 'min_epochs': 30, 'n_layers': 4, 'patience': 10, 'reg': 0.0001}",c979b69cf1
ml1m,lightgcn_init001,3,0.117334,0.00337641,0.0777281,0.000214906,0.429013,0.00200478,0.46176,0.101692,1003.26,108.469,0.0658215,0.0330751,0.0152138,0.00762549,0.161987,0.000899082,,,,,485.359,212.17,32752471d0,"{'batch_size': 8192, 'dim': 64, 'eval_every': 1, 'init_std': 0.01, 'lr': 0.005, 'max_epochs': 400, 'min_epochs': 30, 'n_layers': 3, 'patience': 10, 'reg': 0.0001}",c979b69cf1
ml1m,recbole_ngcf,3,0.112426,0.000873997,0.0722914,0.00108555,0.425533,0.00213096,0.558507,0.0188945,849.297,8.04907,0.109946,0.00610131,0.0226553,0.000921942,0.150761,0.00112427,,,,,401.124,18.552,b725fed8e0,"{'embedding_size': 64, 'epochs': 400, 'eval_batch_size': 4096, 'eval_step': 1, 'hidden_size_list': [64, 64, 64], 'learning_rate': 0.005, 'message_dropout': 0.1, 'min_epochs': 30, 'node_dropout': 0.0, 'reg_weight': 0.001, 'stopping_step': 10, 'train_batch_size': 8192, 'train_neg_sample_args': {'distribution': 'uniform', 'sample_num': 1}}",bcd2a23334
ml1m,recbole_lightgcn,3,0.123194,0.00303324,0.079855,0.00116153,0.440007,0.00549406,0.508267,0.00547128,985.908,9.06928,0.0784996,0.00132614,0.0232851,0.000706395,0.163632,0.00299983,,,,,722.267,96.9375,fa2c400f8a,"{'embedding_size': 64, 'epochs': 400, 'eval_batch_size': 4096, 'eval_step': 1, 'learning_rate': 0.02, 'min_epochs': 30, 'n_layers': 3, 'reg_weight': 0.001, 'require_pow': True, 'stopping_step': 10, 'train_batch_size': 8192, 'train_neg_sample_args': {'distribution': 'uniform', 'sample_num': 1}}",e10c361de5
